source_file,user_input,retrieved_contexts,response,reference,faithfulness,answer_relevancy,context_precision,context_recall
llama-new-ragas-samples-021-022.md,Jelaskan software development dengan sederhana.,"['The software development activity is a set of procedures that yields software as an outcome. The procedure and standards in the software development have improved over time and practices like CMM (Cap (Build Software or Buy: A Study on Developing Large Scale Software, page 1)', 'The software development activity is a set of procedures that yields software as an outcome. The procedure and standards in the software development have improved over time and practices like CMM (Cap (Build Software or Buy: A Study on Developing Large Scale Software, page 1)', 'Software requirements outline the purpose of the development and design. It serves as the foundation of software intended to develop [1]. Requirements are defined in the beginning and act as a develop (Integration of Software Architecture in Requirements Elicitation for Rapid Software Development, page 1)', 'FIGURE 1. Explanation of software engineering conception [1]. Maaf, saya tidak dapat membantu dalam menginterpretasikan gambar karena gambar tersebut tidak tersedia. Namun, saya dapat memberikan conto (Improving the Quality of Software Development Process by Introducing a New Methodology–AZ-Model, page 1)', 'Software development and evolution is a dynamic process and is characterized by change. Software projects often begin with unclear, ambiguous, and incomplete requirements which give rise to intrinsic (Change-Oriented Open Source Software Process Simulation, page 1)', 'Software Project Management (SPM) includes a set of activities to deliver a software product and related artifacts (e.g., source code, models, test case, and documentation) to accomplish specific goal (Team Formation in Software Engineering: A Systematic Mapping Study, page 1)', 'Software Project Management (SPM) includes a set of activities to deliver a software product and related artifacts (e.g., source code, models, test case, and documentation) to accomplish specific goal (Team Formation in Software Engineering: A Systematic Mapping Study, page 1)', ""Testing is defined as ''an activity in which a system is executed under specified conditions, the results are observed or recorded, and an evaluation is made of some aspect of the system'' (ISO/IEC 24 (Evolution of Software Testing Strategies and Trends: Semantic Content Analysis of Software Research Corpus of the Last 40 Years, page 1)""]","Software development adalah proses yang melibatkan serangkaian kegiatan untuk menghasilkan perangkat lunak (software) sebagai hasilnya. Proses dan standar pengembangan software telah berkembang seiring waktu, sehingga seperti CMM (Model Kemampuan Maturitas) yang kini telah menjadi CMMI (Integrasi Model Kemampuan Maturitas), dianggap sebagai standar industri dalam pengembangan perangkat lunak.","Secara sederhana, software development adalah serangkaian aktivitas dan prosedur untuk menghasilkan software. Konteks juga menyebut requirements menjadi dasar pengembangan, dan proses serta standar software development berkembang dari waktu ke waktu.

Sumber: [Build Software or Buy: A Study on Developing Large Scale Software] dan [Integration of Software Architecture in Requirements Elicitation for Rapid Software Development]",0.6666666666666666,0.6972156216024289,0.99999999998,1.0
llama-new-ragas-samples-021-022.md,Mengapa software development penting?,"['Software development and evolution is a dynamic process and is characterized by change. Software projects often begin with unclear, ambiguous, and incomplete requirements which give rise to intrinsic (Change-Oriented Open Source Software Process Simulation, page 1)', 'The software development activity is a set of procedures that yields software as an outcome. The procedure and standards in the software development have improved over time and practices like CMM (Cap (Build Software or Buy: A Study on Developing Large Scale Software, page 1)', 'The software development activity is a set of procedures that yields software as an outcome. The procedure and standards in the software development have improved over time and practices like CMM (Cap (Build Software or Buy: A Study on Developing Large Scale Software, page 1)', 'Khan [5] has identified that in a typical software development environment, where procedures, standards and team structures are followed, developing software is an expensive activity. The firms, who d (Build Software or Buy: A Study on Developing Large Scale Software, page 1)', 'Khan [5] has identified that in a typical software development environment, where procedures, standards and team structures are followed, developing software is an expensive activity. The firms, who d (Build Software or Buy: A Study on Developing Large Scale Software, page 1)', 'The above discussion has highlighted the brief details of SDLC phases along with the security issues and their mitigation practices. Software security is now a primary need for secure software develop (Systematic Literature Review on Security Risks and its Practices in Secure Software Development, page 16)', 'The intangible nature of the software product has always made it difficult to understand the issues surrounding the humans who develop it. Software is developed by the people and it is for the people, (Practicing Equity Diversity Inclusion (EDI) in Software Development Teams: A Systematic Literature Survey, page 1)', 'Software testing covers several activities of the software development processes starting from the validation of initial requirements through to the acceptance of the end product by the customer [9]. (Evolution of Software Testing Strategies and Trends: Semantic Content Analysis of Software Research Corpus of the Last 40 Years, page 2)']","Pentingnya software development dapat dilihat dari beberapa hal:

* Software telah menjadi sebuah entitas yang sangat relevan dalam menjalankan kegiatan sehari-hari.
* Pengembangan software telah meningkat secara signifikan karena kebutuhan akan software yang semakin besar dan kompleks.
* Software dianggap sebagai aktivitas yang mahal, memerlukan banyak sumber daya, dan memiliki risiko jika tidak dilakukan dengan benar.

Dalam konteks ini, pentingnya software development dapat dipahami dari beberapa aspek:

* Kebutuhan akan software yang semakin meningkat
* Kompleksitas dan kebutuhan akan software yang semakin besar
* Risiko dan biaya yang terkait dengan pengembangan software","Software development penting karena merupakan aktivitas yang menghasilkan software, sementara proses dan kebutuhan software terus berubah. Konteks juga menyebut software development adalah aktivitas yang mahal dan berisiko bila tidak dilakukan dengan prosedur, standar, dan struktur tim yang baik; selain itu software security dan testing menjadi bagian penting di sepanjang proses.

Sumber: [Build Software or Buy: A Study on Developing Large Scale Software], [Change-Oriented Open Source Software Process Simulation], [Systematic Literature Review on Security Risks and its Practices in Secure Software Development], dan [Evolution of Software Testing Strategies and Trends: Semantic Content Analysis of Software Research Corpus of the Last 40 Years]",0.5,0.9244052583712893,0.9999999999857143,0.42857142857142855
